Date,Date_new,year_new,month_new,day_new,Type,Link
18-10-2022,2022-10-18,2022,10,18,LIKE,"https://www.linkedin.com/feed/update/urn%3Ali%3Aactivity%3A6987757006627495936"
14-10-2022,2022-10-14,2022,10,14,LIKE,"https://www.linkedin.com/feed/update/urn%3Ali%3Aactivity%3A6986304732466167808"
12-10-2022,2022-10-12,2022,10,12,LIKE,"https://www.linkedin.com/feed/update/urn%3Ali%3Aactivity%3A6984420215602233344"
12-10-2022,2022-10-12,2022,10,12,LIKE,"https://www.linkedin.com/feed/update/urn%3Ali%3Aactivity%3A6985481925549322241"
11-10-2022,2022-10-11,2022,10,11,LIKE,"https://www.linkedin.com/feed/update/urn%3Ali%3Aactivity%3A6985606712720322560"
11-10-2022,2022-10-11,2022,10,11,LIKE,"https://www.linkedin.com/feed/update/urn%3Ali%3Aactivity%3A6984726452374024192"
11-10-2022,2022-10-11,2022,10,11,LIKE,https://www.linkedin.com/feed/update/urn%3Ali%3Aactivity%3A6984008056355319808?commentUrn=urn%3Ali%3
09-10-2022,2022-10-09,2022,10,9,LIKE,"https://www.linkedin.com/feed/update/urn%3Ali%3Aactivity%3A6984811423176511488"
08-10-2022,2022-10-08,2022,10,8,LIKE,"https://www.linkedin.com/feed/update/urn%3Ali%3Aactivity%3A6984409944234053632"
08-10-2022,2022-10-08,2022,10,8,LIKE,"https://www.linkedin.com/feed/update/urn%3Ali%3AugcPost%3A6982436192298446848"
08-10-2022,2022-10-08,2022,10,8,LIKE,"https://www.linkedin.com/feed/update/urn%3Ali%3Aactivity%3A6984233034967375872"
07-10-2022,2022-10-07,2022,10,7,LIKE,"https://www.linkedin.com/feed/update/urn%3Ali%3AugcPost%3A6983310674412154881"
07-10-2022,2022-10-07,2022,10,7,LIKE,"https://www.linkedin.com/feed/update/urn%3Ali%3AugcPost%3A6979543839107629056"
07-10-2022,2022-10-07,2022,10,7,LIKE,"https://www.linkedin.com/feed/update/urn%3Ali%3AugcPost%3A6980603131394945024"
07-10-2022,2022-10-07,2022,10,7,LIKE,"https://www.linkedin.com/feed/update/urn%3Ali%3Aactivity%3A6983895809478078465"
06-10-2022,2022-10-06,2022,10,6,LIKE,"https://www.linkedin.com/feed/update/urn%3Ali%3AugcPost%3A6983415764896632832"
05-10-2022,2022-10-05,2022,10,5,LIKE,"https://www.linkedin.com/feed/update/urn%3Ali%3Aactivity%3A6983272474964582400"
03-10-2022,2022-10-03,2022,10,3,LIKE,"https://www.linkedin.com/feed/update/urn%3Ali%3Aactivity%3A6982666896558972928"
03-10-2022,2022-10-03,2022,10,3,LIKE,"https://www.linkedin.com/feed/update/urn%3Ali%3Aactivity%3A6981863344420843520"
02-10-2022,2022-10-02,2022,10,2,LIKE,"https://www.linkedin.com/feed/update/urn%3Ali%3Aactivity%3A6982247321593946112"
01-10-2022,2022-10-01,2022,10,1,LIKE,"https://www.linkedin.com/feed/update/urn%3Ali%3Aactivity%3A6981649649782665216"
27-09-2022,2022-09-27,2022,9,27,LIKE,"https://www.linkedin.com/feed/update/urn%3Ali%3Aactivity%3A6980205628967325696"
24-09-2022,2022-09-24,2022,9,24,LIKE,"https://www.linkedin.com/feed/update/urn%3Ali%3Aactivity%3A6979407860191358976"
24-09-2022,2022-09-24,2022,9,24,LIKE,"https://www.linkedin.com/feed/update/urn%3Ali%3Aactivity%3A6979338059204952064"
24-09-2022,2022-09-24,2022,9,24,LIKE,"https://www.linkedin.com/feed/update/urn%3Ali%3Aactivity%3A6974549679548084226"
24-09-2022,2022-09-24,2022,9,24,LIKE,"https://www.linkedin.com/feed/update/urn%3Ali%3Aactivity%3A6977963428258729984"
22-09-2022,2022-09-22,2022,9,22,LIKE,"https://www.linkedin.com/feed/update/urn%3Ali%3Aactivity%3A6978569679883657216"
22-09-2022,2022-09-22,2022,9,22,LIKE,"https://www.linkedin.com/feed/update/urn%3Ali%3Aactivity%3A6978320542227419137"
20-09-2022,2022-09-20,2022,9,20,INTEREST,"https://www.linkedin.com/feed/update/urn%3Ali%3AugcPost%3A6977078476600168448"
20-09-2022,2022-09-20,2022,9,20,LIKE,"https://www.linkedin.com/feed/update/urn%3Ali%3Aactivity%3A6977524965076025344"
20-09-2022,2022-09-20,2022,9,20,LIKE,"https://www.linkedin.com/feed/update/urn%3Ali%3AugcPost%3A6965195067598790656"
20-09-2022,2022-09-20,2022,9,20,LIKE,"https://www.linkedin.com/feed/update/urn%3Ali%3Aactivity%3A6977609130245046272"
18-09-2022,2022-09-18,2022,9,18,LIKE,"https://www.linkedin.com/feed/update/urn%3Ali%3Aactivity%3A6977188887869739008"
16-09-2022,2022-09-16,2022,9,16,LIKE,"https://www.linkedin.com/feed/update/urn%3Ali%3Aactivity%3A6959430732842770432"
16-09-2022,2022-09-16,2022,9,16,LIKE,"https://www.linkedin.com/feed/update/urn%3Ali%3AugcPost%3A6973990930995404800"
15-09-2022,2022-09-15,2022,9,15,LIKE,"https://www.linkedin.com/feed/update/urn%3Ali%3Aactivity%3A6976162296548986880"
14-09-2022,2022-09-14,2022,9,14,LIKE,"https://www.linkedin.com/feed/update/urn%3Ali%3Aactivity%3A6972414835930071040"
14-09-2022,2022-09-14,2022,9,14,LIKE,"https://www.linkedin.com/feed/update/urn%3Ali%3Aactivity%3A6975846964449984512"
13-09-2022,2022-09-13,2022,9,13,LIKE,"https://www.linkedin.com/feed/update/urn%3Ali%3Aactivity%3A6975178439750283265"
12-09-2022,2022-09-12,2022,9,12,LIKE,"https://www.linkedin.com/feed/update/urn%3Ali%3AugcPost%3A6974776055307878400"
11-09-2022,2022-09-11,2022,9,11,LIKE,"https://www.linkedin.com/feed/update/urn%3Ali%3Aactivity%3A6974678118829613056"
11-09-2022,2022-09-11,2022,9,11,LIKE,"https://www.linkedin.com/feed/update/urn%3Ali%3Aactivity%3A6974488254418993152"
08-09-2022,2022-09-08,2022,9,8,LIKE,"https://www.linkedin.com/feed/update/urn%3Ali%3AugcPost%3A6973620126893948928"
08-09-2022,2022-09-08,2022,9,8,LIKE,"https://www.linkedin.com/feed/update/urn%3Ali%3Aactivity%3A6973555195779670016"
07-09-2022,2022-09-07,2022,9,7,LIKE,"https://www.linkedin.com/feed/update/urn%3Ali%3AugcPost%3A6973120834869616640"
05-09-2022,2022-09-05,2022,9,5,LIKE,https://www.linkedin.com/feed/update/urn%3Ali%3Aactivity%3A6971801513354493952?commentUrn=urn%3Ali%3
05-09-2022,2022-09-05,2022,9,5,LIKE,"https://www.linkedin.com/feed/update/urn%3Ali%3Aactivity%3A6972390908767997952"
05-09-2022,2022-09-05,2022,9,5,LIKE,"https://www.linkedin.com/feed/update/urn%3Ali%3AugcPost%3A6972148794280865792"
05-09-2022,2022-09-05,2022,9,5,LIKE,"https://www.linkedin.com/feed/update/urn%3Ali%3Aactivity%3A6972398007157702656"
05-09-2022,2022-09-05,2022,9,5,LIKE,"https://www.linkedin.com/feed/update/urn%3Ali%3AugcPost%3A6972176661639299072"
03-09-2022,2022-09-03,2022,9,3,LIKE,"https://www.linkedin.com/feed/update/urn%3Ali%3Aactivity%3A6971736985505869824"
03-09-2022,2022-09-03,2022,9,3,LIKE,"https://www.linkedin.com/feed/update/urn%3Ali%3Aactivity%3A6971525306910142464"
02-09-2022,2022-09-02,2022,9,2,LIKE,"https://www.linkedin.com/feed/update/urn%3Ali%3Aactivity%3A6971059878769418240"
02-09-2022,2022-09-02,2022,9,2,LIKE,"https://www.linkedin.com/feed/update/urn%3Ali%3Aactivity%3A6971088352200601600"
02-09-2022,2022-09-02,2022,9,2,LIKE,"https://www.linkedin.com/feed/update/urn%3Ali%3Aactivity%3A6970643192811573248"
29-08-2022,2022-08-29,2022,8,29,LIKE,"https://www.linkedin.com/feed/update/urn%3Ali%3Aactivity%3A6969940981483753472"
29-08-2022,2022-08-29,2022,8,29,LIKE,"https://www.linkedin.com/feed/update/urn%3Ali%3Aactivity%3A6970004272461557760"
27-08-2022,2022-08-27,2022,8,27,LIKE,"https://www.linkedin.com/feed/update/urn%3Ali%3Aactivity%3A6969155160493174784"
27-08-2022,2022-08-27,2022,8,27,LIKE,"https://www.linkedin.com/feed/update/urn%3Ali%3Aactivity%3A6968429907227938816"
27-08-2022,2022-08-27,2022,8,27,LIKE,"https://www.linkedin.com/feed/update/urn%3Ali%3Aactivity%3A6968908164121391104"
27-08-2022,2022-08-27,2022,8,27,LIKE,"https://www.linkedin.com/feed/update/urn%3Ali%3Aactivity%3A6969146704671502336"
24-08-2022,2022-08-24,2022,8,24,LIKE,"https://www.linkedin.com/feed/update/urn%3Ali%3AugcPost%3A6968053657904828417"
23-08-2022,2022-08-23,2022,8,23,LIKE,"https://www.linkedin.com/feed/update/urn%3Ali%3Aactivity%3A6967916625538793472"
23-08-2022,2022-08-23,2022,8,23,LIKE,"https://www.linkedin.com/feed/update/urn%3Ali%3Aactivity%3A6967918054202634240"
23-08-2022,2022-08-23,2022,8,23,LIKE,"https://www.linkedin.com/feed/update/urn%3Ali%3Aactivity%3A6967302164394184707"
23-08-2022,2022-08-23,2022,8,23,PRAISE,"https://www.linkedin.com/feed/update/urn%3Ali%3AugcPost%3A6967690657419190272"
22-08-2022,2022-08-22,2022,8,22,LIKE,"https://www.linkedin.com/feed/update/urn%3Ali%3Aactivity%3A6967122058572906497"
22-08-2022,2022-08-22,2022,8,22,LIKE,"https://www.linkedin.com/feed/update/urn%3Ali%3Aactivity%3A6967392822664544256"
22-08-2022,2022-08-22,2022,8,22,LIKE,"https://www.linkedin.com/feed/update/urn%3Ali%3Aactivity%3A6967009539070066688"
20-08-2022,2022-08-20,2022,8,20,LIKE,"https://www.linkedin.com/feed/update/urn%3Ali%3AugcPost%3A6966693424007655424"
20-08-2022,2022-08-20,2022,8,20,PRAISE,"https://www.linkedin.com/feed/update/urn%3Ali%3Aactivity%3A6966417486959263744"
20-08-2022,2022-08-20,2022,8,20,LIKE,"https://www.linkedin.com/feed/update/urn%3Ali%3Aactivity%3A6966381791087661056"
16-08-2022,2022-08-16,2022,8,16,LIKE,"https://www.linkedin.com/feed/update/urn%3Ali%3Aactivity%3A6965275396489531392"
16-08-2022,2022-08-16,2022,8,16,LIKE,"https://www.linkedin.com/feed/update/urn%3Ali%3AugcPost%3A6965161700278833152"
15-08-2022,2022-08-15,2022,8,15,LIKE,"https://www.linkedin.com/feed/update/urn%3Ali%3Aactivity%3A6964890098488213504"
14-08-2022,2022-08-14,2022,8,14,LIKE,"https://www.linkedin.com/feed/update/urn%3Ali%3Aactivity%3A6964089892368736256"
14-08-2022,2022-08-14,2022,8,14,LIKE,"https://www.linkedin.com/feed/update/urn%3Ali%3AugcPost%3A6964111829635596289"
13-08-2022,2022-08-13,2022,8,13,LIKE,"https://www.linkedin.com/feed/update/urn%3Ali%3AugcPost%3A6963889758838128640"
12-08-2022,2022-08-12,2022,8,12,PRAISE,"https://www.linkedin.com/feed/update/urn%3Ali%3AugcPost%3A6963740786416906240"
12-08-2022,2022-08-12,2022,8,12,LIKE,"https://www.linkedin.com/feed/update/urn%3Ali%3Aactivity%3A6963734356846682112"
12-08-2022,2022-08-12,2022,8,12,LIKE,"https://www.linkedin.com/feed/update/urn%3Ali%3AugcPost%3A6963495812513325058"
10-08-2022,2022-08-10,2022,8,10,PRAISE,"https://www.linkedin.com/feed/update/urn%3Ali%3AugcPost%3A6962962717536137216"
10-08-2022,2022-08-10,2022,8,10,LIKE,"https://www.linkedin.com/feed/update/urn%3Ali%3Aactivity%3A6959948112702447616"
10-08-2022,2022-08-10,2022,8,10,LIKE,"https://www.linkedin.com/feed/update/urn%3Ali%3Aactivity%3A6958802444571037696"
09-08-2022,2022-08-09,2022,8,9,LIKE,"https://www.linkedin.com/feed/update/urn%3Ali%3AugcPost%3A6959770977236840448"
09-08-2022,2022-08-09,2022,8,9,LIKE,"https://www.linkedin.com/feed/update/urn%3Ali%3Aactivity%3A6962261591987769344"
09-08-2022,2022-08-09,2022,8,9,LIKE,"https://www.linkedin.com/feed/update/urn%3Ali%3Aactivity%3A6962659363639492608"
09-08-2022,2022-08-09,2022,8,9,LIKE,"https://www.linkedin.com/feed/update/urn%3Ali%3Aactivity%3A6962431182953213952"
09-08-2022,2022-08-09,2022,8,9,LIKE,"https://www.linkedin.com/feed/update/urn%3Ali%3Aactivity%3A6962465537943638016"
08-08-2022,2022-08-08,2022,8,8,EMPATHY,"https://www.linkedin.com/feed/update/urn%3Ali%3Aactivity%3A6962451713618296832"
08-08-2022,2022-08-08,2022,8,8,LIKE,"https://www.linkedin.com/feed/update/urn%3Ali%3Aactivity%3A6962404413504151553"
03-08-2022,2022-08-03,2022,8,3,LIKE,"https://www.linkedin.com/feed/update/urn%3Ali%3Aactivity%3A6958226612697911297"
03-08-2022,2022-08-03,2022,8,3,LIKE,"https://www.linkedin.com/feed/update/urn%3Ali%3Aactivity%3A6960118510282846209"
01-08-2022,2022-08-01,2022,8,1,LIKE,"https://www.linkedin.com/feed/update/urn%3Ali%3Aactivity%3A6959892914621562881"
01-08-2022,2022-08-01,2022,8,1,PRAISE,"https://www.linkedin.com/feed/update/urn%3Ali%3Aactivity%3A6959560362773856256"
01-08-2022,2022-08-01,2022,8,1,LIKE,"https://www.linkedin.com/feed/update/urn%3Ali%3Aactivity%3A6959385674378612736"
01-08-2022,2022-08-01,2022,8,1,LIKE,"https://www.linkedin.com/feed/update/urn%3Ali%3AugcPost%3A6959731901276262400"
30-07-2022,2022-07-30,2022,7,30,LIKE,"https://www.linkedin.com/feed/update/urn%3Ali%3AugcPost%3A6958760031802548225"
29-07-2022,2022-07-29,2022,7,29,LIKE,"https://www.linkedin.com/feed/update/urn%3Ali%3AugcPost%3A6958404851089235968"
28-07-2022,2022-07-28,2022,7,28,INTEREST,"https://www.linkedin.com/feed/update/urn%3Ali%3Aactivity%3A6955774712601874432"
28-07-2022,2022-07-28,2022,7,28,LIKE,"https://www.linkedin.com/feed/update/urn%3Ali%3AugcPost%3A6958309251006038017"
27-07-2022,2022-07-27,2022,7,27,LIKE,"https://www.linkedin.com/feed/update/urn%3Ali%3Aactivity%3A6957908058886799360"
25-07-2022,2022-07-25,2022,7,25,PRAISE,"https://www.linkedin.com/feed/update/urn%3Ali%3AugcPost%3A6957276505626292224"
23-07-2022,2022-07-23,2022,7,23,LIKE,https://www.linkedin.com/feed/update/urn%3Ali%3AugcPost%3A6956481878082142208?commentUrn=urn%3Ali%3A
23-07-2022,2022-07-23,2022,7,23,LIKE,https://www.linkedin.com/feed/update/urn%3Ali%3AugcPost%3A6956481878082142208?commentUrn=urn%3Ali%3A
23-07-2022,2022-07-23,2022,7,23,LIKE,https://www.linkedin.com/feed/update/urn%3Ali%3AugcPost%3A6956481878082142208?commentUrn=urn%3Ali%3A
23-07-2022,2022-07-23,2022,7,23,LIKE,"https://www.linkedin.com/feed/update/urn%3Ali%3AugcPost%3A6955046041515671552"
22-07-2022,2022-07-22,2022,7,22,LIKE,"https://www.linkedin.com/feed/update/urn%3Ali%3Aactivity%3A6955015329383100416"
22-07-2022,2022-07-22,2022,7,22,LIKE,"https://www.linkedin.com/feed/update/urn%3Ali%3Aactivity%3A6952275201875156992"
22-07-2022,2022-07-22,2022,7,22,EMPATHY,"https://www.linkedin.com/feed/update/urn%3Ali%3Aactivity%3A6956150446944071680"
22-07-2022,2022-07-22,2022,7,22,LIKE,"https://www.linkedin.com/feed/update/urn%3Ali%3Aactivity%3A6955114935437643776"
18-07-2022,2022-07-18,2022,7,18,LIKE,"https://www.linkedin.com/feed/update/urn%3Ali%3Aactivity%3A6954655498541428736"
12-07-2022,2022-07-12,2022,7,12,LIKE,https://www.linkedin.com/feed/update/urn%3Ali%3Aactivity%3A6952673693097484290?commentUrn=urn%3Ali%3
02-07-2022,2022-07-02,2022,7,2,LIKE,"https://www.linkedin.com/feed/update/urn%3Ali%3AugcPost%3A6948649568645312512"
02-07-2022,2022-07-02,2022,7,2,LIKE,"https://www.linkedin.com/feed/update/urn%3Ali%3AugcPost%3A6948890149048975360"
01-07-2022,2022-07-01,2022,7,1,LIKE,"https://www.linkedin.com/feed/update/urn%3Ali%3AugcPost%3A6947829008881324033"
01-07-2022,2022-07-01,2022,7,1,LIKE,"https://www.linkedin.com/feed/update/urn%3Ali%3Aactivity%3A6947810914020528128"
26-06-2022,2022-06-26,2022,6,26,PRAISE,"https://www.linkedin.com/feed/update/urn%3Ali%3Aactivity%3A6946717061599367168"
26-06-2022,2022-06-26,2022,6,26,LIKE,"https://www.linkedin.com/feed/update/urn%3Ali%3AugcPost%3A6946442858820177920"
25-06-2022,2022-06-25,2022,6,25,LIKE,"https://www.linkedin.com/feed/update/urn%3Ali%3AugcPost%3A6946485634706333696"
24-06-2022,2022-06-24,2022,6,24,PRAISE,"https://www.linkedin.com/feed/update/urn%3Ali%3Aactivity%3A6945255344621133824"
24-06-2022,2022-06-24,2022,6,24,LIKE,"https://www.linkedin.com/feed/update/urn%3Ali%3Aactivity%3A6945350478582939648"
18-06-2022,2022-06-18,2022,6,18,EMPATHY,"https://www.linkedin.com/feed/update/urn%3Ali%3AugcPost%3A6943819070999789568"
17-06-2022,2022-06-17,2022,6,17,LIKE,"https://www.linkedin.com/feed/update/urn%3Ali%3AugcPost%3A6943205620829347841"
17-06-2022,2022-06-17,2022,6,17,LIKE,"https://www.linkedin.com/feed/update/urn%3Ali%3AugcPost%3A6943396924985073665"
16-06-2022,2022-06-16,2022,6,16,LIKE,"https://www.linkedin.com/feed/update/urn%3Ali%3Aactivity%3A6942895881935360000"
16-06-2022,2022-06-16,2022,6,16,LIKE,"https://www.linkedin.com/feed/update/urn%3Ali%3AugcPost%3A6942468954258821120"
16-06-2022,2022-06-16,2022,6,16,LIKE,"https://www.linkedin.com/feed/update/urn%3Ali%3Aactivity%3A6942856595408060416"
16-06-2022,2022-06-16,2022,6,16,LIKE,"https://www.linkedin.com/feed/update/urn%3Ali%3Aactivity%3A6942789751691165696"
15-06-2022,2022-06-15,2022,6,15,LIKE,"https://www.linkedin.com/feed/update/urn%3Ali%3Aactivity%3A6942755683217858560"
13-06-2022,2022-06-13,2022,6,13,LIKE,"https://www.linkedin.com/feed/update/urn%3Ali%3Aactivity%3A6942133147085996032"
13-06-2022,2022-06-13,2022,6,13,LIKE,"https://www.linkedin.com/feed/update/urn%3Ali%3AugcPost%3A6942036748222767104"
13-06-2022,2022-06-13,2022,6,13,LIKE,"https://www.linkedin.com/feed/update/urn%3Ali%3AugcPost%3A6942031073040039936"
11-06-2022,2022-06-11,2022,6,11,LIKE,"https://www.linkedin.com/feed/update/urn%3Ali%3Aactivity%3A6941288498582679552"
11-06-2022,2022-06-11,2022,6,11,LIKE,"https://www.linkedin.com/feed/update/urn%3Ali%3Aactivity%3A6937780593522839552"
06-06-2022,2022-06-06,2022,6,6,LIKE,"https://www.linkedin.com/feed/update/urn%3Ali%3AugcPost%3A6939564033901490176"
06-06-2022,2022-06-06,2022,6,6,LIKE,https://www.linkedin.com/feed/update/urn%3Ali%3AugcPost%3A6939154591791886336?commentUrn=urn%3Ali%3A
05-06-2022,2022-06-05,2022,6,5,LIKE,"https://www.linkedin.com/feed/update/urn%3Ali%3AugcPost%3A6939154591791886336"
04-06-2022,2022-06-04,2022,6,4,LIKE,"https://www.linkedin.com/feed/update/urn%3Ali%3Aactivity%3A6938287666987696128"
04-06-2022,2022-06-04,2022,6,4,PRAISE,"https://www.linkedin.com/feed/update/urn%3Ali%3Aactivity%3A6938590443584524288"
31-05-2022,2022-05-31,2022,5,31,LIKE,"https://www.linkedin.com/feed/update/urn%3Ali%3Aactivity%3A6936731769870114816"
25-05-2022,2022-05-25,2022,5,25,LIKE,"https://www.linkedin.com/feed/update/urn%3Ali%3Aactivity%3A6935085922166128640"
23-05-2022,2022-05-23,2022,5,23,LIKE,"https://www.linkedin.com/feed/update/urn%3Ali%3AugcPost%3A6934506472420585472"
23-05-2022,2022-05-23,2022,5,23,LIKE,"https://www.linkedin.com/feed/update/urn%3Ali%3Aactivity%3A6934112778739662848"
21-05-2022,2022-05-21,2022,5,21,LIKE,https://www.linkedin.com/feed/update/urn%3Ali%3AugcPost%3A6931156144073637888?commentUrn=urn%3Ali%3A
21-05-2022,2022-05-21,2022,5,21,LIKE,https://www.linkedin.com/feed/update/urn%3Ali%3AugcPost%3A6931156144073637888?commentUrn=urn%3Ali%3A
20-05-2022,2022-05-20,2022,5,20,LIKE,https://www.linkedin.com/feed/update/urn%3Ali%3AugcPost%3A6931156144073637888?commentUrn=urn%3Ali%3A
20-05-2022,2022-05-20,2022,5,20,LIKE,https://www.linkedin.com/feed/update/urn%3Ali%3AugcPost%3A6931156144073637888?commentUrn=urn%3Ali%3A
18-05-2022,2022-05-18,2022,5,18,LIKE,"https://www.linkedin.com/feed/update/urn%3Ali%3Aactivity%3A6932286479918338048"
18-05-2022,2022-05-18,2022,5,18,LIKE,https://www.linkedin.com/feed/update/urn%3Ali%3AugcPost%3A6931156144073637888?commentUrn=urn%3Ali%3A
18-05-2022,2022-05-18,2022,5,18,LIKE,"https://www.linkedin.com/feed/update/urn%3Ali%3AugcPost%3A6931156144073637888"
18-05-2022,2022-05-18,2022,5,18,LIKE,https://www.linkedin.com/feed/update/urn%3Ali%3AugcPost%3A6931156144073637888?commentUrn=urn%3Ali%3A
18-05-2022,2022-05-18,2022,5,18,LIKE,https://www.linkedin.com/feed/update/urn%3Ali%3AugcPost%3A6931156144073637888?commentUrn=urn%3Ali%3A
16-05-2022,2022-05-16,2022,5,16,LIKE,https://www.linkedin.com/feed/update/urn%3Ali%3AugcPost%3A6931156144073637888?commentUrn=urn%3Ali%3A
16-05-2022,2022-05-16,2022,5,16,LIKE,https://www.linkedin.com/feed/update/urn%3Ali%3AugcPost%3A6931156144073637888?commentUrn=urn%3Ali%3A
16-05-2022,2022-05-16,2022,5,16,LIKE,https://www.linkedin.com/feed/update/urn%3Ali%3AugcPost%3A6931156144073637888?commentUrn=urn%3Ali%3A
16-05-2022,2022-05-16,2022,5,16,LIKE,https://www.linkedin.com/feed/update/urn%3Ali%3AugcPost%3A6931156144073637888?commentUrn=urn%3Ali%3A
15-05-2022,2022-05-15,2022,5,15,LIKE,"https://www.linkedin.com/feed/update/urn%3Ali%3Aactivity%3A6931250178637127680"
15-05-2022,2022-05-15,2022,5,15,LIKE,"https://www.linkedin.com/feed/update/urn%3Ali%3AugcPost%3A6931255911206297600"
15-05-2022,2022-05-15,2022,5,15,LIKE,https://www.linkedin.com/feed/update/urn%3Ali%3AugcPost%3A6931156144073637888?commentUrn=urn%3Ali%3A
15-05-2022,2022-05-15,2022,5,15,LIKE,https://www.linkedin.com/feed/update/urn%3Ali%3AugcPost%3A6931156144073637888?commentUrn=urn%3Ali%3A
14-05-2022,2022-05-14,2022,5,14,LIKE,https://www.linkedin.com/feed/update/urn%3Ali%3AugcPost%3A6931156144073637888?commentUrn=urn%3Ali%3A
14-05-2022,2022-05-14,2022,5,14,LIKE,https://www.linkedin.com/feed/update/urn%3Ali%3AugcPost%3A6931156144073637888?commentUrn=urn%3Ali%3A
14-05-2022,2022-05-14,2022,5,14,LIKE,https://www.linkedin.com/feed/update/urn%3Ali%3AugcPost%3A6931156144073637888?commentUrn=urn%3Ali%3A
14-05-2022,2022-05-14,2022,5,14,LIKE,https://www.linkedin.com/feed/update/urn%3Ali%3AugcPost%3A6931156144073637888?commentUrn=urn%3Ali%3A
14-05-2022,2022-05-14,2022,5,14,LIKE,https://www.linkedin.com/feed/update/urn%3Ali%3AugcPost%3A6931156144073637888?commentUrn=urn%3Ali%3A
14-05-2022,2022-05-14,2022,5,14,LIKE,https://www.linkedin.com/feed/update/urn%3Ali%3AugcPost%3A6931156144073637888?commentUrn=urn%3Ali%3A
14-05-2022,2022-05-14,2022,5,14,LIKE,https://www.linkedin.com/feed/update/urn%3Ali%3AugcPost%3A6931156144073637888?commentUrn=urn%3Ali%3A
14-05-2022,2022-05-14,2022,5,14,LIKE,https://www.linkedin.com/feed/update/urn%3Ali%3AugcPost%3A6931156144073637888?commentUrn=urn%3Ali%3A
14-05-2022,2022-05-14,2022,5,14,LIKE,https://www.linkedin.com/feed/update/urn%3Ali%3AugcPost%3A6931156144073637888?commentUrn=urn%3Ali%3A
14-05-2022,2022-05-14,2022,5,14,LIKE,"https://www.linkedin.com/feed/update/urn%3Ali%3Aactivity%3A6931262081413324800"
14-05-2022,2022-05-14,2022,5,14,LIKE,"https://www.linkedin.com/feed/update/urn%3Ali%3Aactivity%3A6929674040429178880"
14-05-2022,2022-05-14,2022,5,14,LIKE,"https://www.linkedin.com/feed/update/urn%3Ali%3Aactivity%3A6926797299847151616"
14-05-2022,2022-05-14,2022,5,14,LIKE,"https://www.linkedin.com/feed/update/urn%3Ali%3AugcPost%3A6927828087183155200"
14-05-2022,2022-05-14,2022,5,14,LIKE,"https://www.linkedin.com/feed/update/urn%3Ali%3AugcPost%3A6930348668306755584"
14-05-2022,2022-05-14,2022,5,14,LIKE,"https://www.linkedin.com/feed/update/urn%3Ali%3Aactivity%3A6930580278084022272"
14-05-2022,2022-05-14,2022,5,14,PRAISE,"https://www.linkedin.com/feed/update/urn%3Ali%3AugcPost%3A6926367869777694720"
23-04-2022,2022-04-23,2022,4,23,LIKE,"https://www.linkedin.com/feed/update/urn%3Ali%3Aactivity%3A6922177707178889217"
15-04-2022,2022-04-15,2022,4,15,LIKE,"https://www.linkedin.com/feed/update/urn%3Ali%3Aactivity%3A6919139075669069824"
15-04-2022,2022-04-15,2022,4,15,PRAISE,"https://www.linkedin.com/feed/update/urn%3Ali%3AugcPost%3A6919614872204845056"
10-04-2022,2022-04-10,2022,4,10,LIKE,"https://www.linkedin.com/feed/update/urn%3Ali%3AugcPost%3A6918077600502362112"
10-04-2022,2022-04-10,2022,4,10,LIKE,"https://www.linkedin.com/feed/update/urn%3Ali%3Aarticle%3A8959057835198568720"
05-04-2022,2022-04-05,2022,4,5,PRAISE,"https://www.linkedin.com/feed/update/urn%3Ali%3Aactivity%3A6915903496588288000"
01-04-2022,2022-04-01,2022,4,1,LIKE,"https://www.linkedin.com/feed/update/urn%3Ali%3Aactivity%3A6914557242054688768"
27-03-2022,2022-03-27,2022,3,27,LIKE,"https://www.linkedin.com/feed/update/urn%3Ali%3Aactivity%3A6913798511121580032"
27-03-2022,2022-03-27,2022,3,27,LIKE,"https://www.linkedin.com/feed/update/urn%3Ali%3AugcPost%3A6912788390245466112"
25-03-2022,2022-03-25,2022,3,25,LIKE,"https://www.linkedin.com/feed/update/urn%3Ali%3Aactivity%3A6908757690449850368"
25-03-2022,2022-03-25,2022,3,25,LIKE,"https://www.linkedin.com/feed/update/urn%3Ali%3Aactivity%3A6909750104476332032"
25-03-2022,2022-03-25,2022,3,25,LIKE,"https://www.linkedin.com/feed/update/urn%3Ali%3AugcPost%3A6911721492263096323"
14-03-2022,2022-03-14,2022,3,14,PRAISE,"https://www.linkedin.com/feed/update/urn%3Ali%3Aactivity%3A6908233538655674368"
02-03-2022,2022-03-02,2022,3,2,INTEREST,"https://www.linkedin.com/feed/update/urn%3Ali%3Aactivity%3A6902518921170096128"
18-02-2022,2022-02-18,2022,2,18,LIKE,"https://www.linkedin.com/feed/update/urn%3Ali%3Aactivity%3A6900424914499956736"
11-02-2022,2022-02-11,2022,2,11,LIKE,"https://www.linkedin.com/feed/update/urn%3Ali%3Aactivity%3A6897792740621697025"
09-02-2022,2022-02-09,2022,2,9,LIKE,"https://www.linkedin.com/feed/update/urn%3Ali%3AugcPost%3A6884756170070986752"
09-02-2022,2022-02-09,2022,2,9,LIKE,"https://www.linkedin.com/feed/update/urn%3Ali%3Aactivity%3A6895328506495258624"
20-01-2022,2022-01-20,2022,1,20,LIKE,"https://www.linkedin.com/feed/update/urn%3Ali%3Aactivity%3A6889684752509612032"
13-01-2022,2022-01-13,2022,1,13,LIKE,"https://www.linkedin.com/feed/update/urn%3Ali%3Aactivity%3A6887075972450004994"
08-01-2022,2022-01-08,2022,1,8,LIKE,"https://www.linkedin.com/feed/update/urn%3Ali%3Aactivity%3A6885114096140730368"
06-01-2022,2022-01-06,2022,1,6,LIKE,"https://www.linkedin.com/feed/update/urn%3Ali%3Aactivity%3A6884472463204474880"
02-01-2022,2022-01-02,2022,1,2,LIKE,"https://www.linkedin.com/feed/update/urn%3Ali%3AugcPost%3A6882935137617747968"
28-12-2021,2021-12-28,2021,12,28,LIKE,"https://www.linkedin.com/feed/update/urn%3Ali%3Aactivity%3A6881637497890238464"
27-12-2021,2021-12-27,2021,12,27,LIKE,https://www.linkedin.com/feed/update/urn%3Ali%3Aactivity%3A6876585007683514368?commentUrn=urn%3Ali%3
27-12-2021,2021-12-27,2021,12,27,LIKE,https://www.linkedin.com/feed/update/urn%3Ali%3Aactivity%3A6876585007683514368?commentUrn=urn%3Ali%3
27-12-2021,2021-12-27,2021,12,27,PRAISE,"https://www.linkedin.com/feed/update/urn%3Ali%3Aactivity%3A6881087069666512896"
26-12-2021,2021-12-26,2021,12,26,LIKE,"https://www.linkedin.com/feed/update/urn%3Ali%3Aactivity%3A6880735016557584384"
23-12-2021,2021-12-23,2021,12,23,LIKE,"https://www.linkedin.com/feed/update/urn%3Ali%3Aactivity%3A6879077106194771968"
22-12-2021,2021-12-22,2021,12,22,LIKE,https://www.linkedin.com/feed/update/urn%3Ali%3Aactivity%3A6876585007683514368?commentUrn=urn%3Ali%3
22-12-2021,2021-12-22,2021,12,22,LIKE,https://www.linkedin.com/feed/update/urn%3Ali%3Aactivity%3A6876585007683514368?commentUrn=urn%3Ali%3
19-12-2021,2021-12-19,2021,12,19,LIKE,https://www.linkedin.com/feed/update/urn%3Ali%3Aactivity%3A6876585007683514368?commentUrn=urn%3Ali%3
19-12-2021,2021-12-19,2021,12,19,LIKE,https://www.linkedin.com/feed/update/urn%3Ali%3Aactivity%3A6876585007683514368?commentUrn=urn%3Ali%3
18-12-2021,2021-12-18,2021,12,18,LIKE,"https://www.linkedin.com/feed/update/urn%3Ali%3AugcPost%3A6877661861450399744"
17-12-2021,2021-12-17,2021,12,17,LIKE,https://www.linkedin.com/feed/update/urn%3Ali%3Aactivity%3A6869665547676606464?commentUrn=urn%3Ali%3
17-12-2021,2021-12-17,2021,12,17,LIKE,"https://www.linkedin.com/feed/update/urn%3Ali%3Aactivity%3A6876585007683514368"
17-12-2021,2021-12-17,2021,12,17,LIKE,https://www.linkedin.com/feed/update/urn%3Ali%3Aactivity%3A6876585007683514368?commentUrn=urn%3Ali%3
17-12-2021,2021-12-17,2021,12,17,LIKE,"https://www.linkedin.com/feed/update/urn%3Ali%3Aactivity%3A6877503807148883968"
17-12-2021,2021-12-17,2021,12,17,LIKE,"https://www.linkedin.com/feed/update/urn%3Ali%3Aactivity%3A6877491132901691392"
16-12-2021,2021-12-16,2021,12,16,LIKE,"https://www.linkedin.com/feed/update/urn%3Ali%3Aactivity%3A6877225228330782720"
16-12-2021,2021-12-16,2021,12,16,LIKE,https://www.linkedin.com/feed/update/urn%3Ali%3Aactivity%3A6876585007683514368?commentUrn=urn%3Ali%3
16-12-2021,2021-12-16,2021,12,16,LIKE,https://www.linkedin.com/feed/update/urn%3Ali%3Aactivity%3A6876585007683514368?commentUrn=urn%3Ali%3
16-12-2021,2021-12-16,2021,12,16,LIKE,https://www.linkedin.com/feed/update/urn%3Ali%3Aactivity%3A6876585007683514368?commentUrn=urn%3Ali%3
15-12-2021,2021-12-15,2021,12,15,LIKE,"https://www.linkedin.com/feed/update/urn%3Ali%3Aactivity%3A6873844039628808192"
14-12-2021,2021-12-14,2021,12,14,LIKE,"https://www.linkedin.com/feed/update/urn%3Ali%3Aactivity%3A6876596396351377408"
13-12-2021,2021-12-13,2021,12,13,LIKE,"https://www.linkedin.com/feed/update/urn%3Ali%3Aactivity%3A6876077871471828992"
10-12-2021,2021-12-10,2021,12,10,LIKE,"https://www.linkedin.com/feed/update/urn%3Ali%3Aactivity%3A6874737523004985344"
09-12-2021,2021-12-09,2021,12,9,LIKE,"https://www.linkedin.com/feed/update/urn%3Ali%3Aactivity%3A6873881870837403648"
07-12-2021,2021-12-07,2021,12,7,LIKE,"https://www.linkedin.com/feed/update/urn%3Ali%3AugcPost%3A6872035896678588416"
07-12-2021,2021-12-07,2021,12,7,LIKE,"https://www.linkedin.com/feed/update/urn%3Ali%3Aactivity%3A6873791689882902528"
06-12-2021,2021-12-06,2021,12,6,LIKE,"https://www.linkedin.com/feed/update/urn%3Ali%3AugcPost%3A6873435576062787585"
01-12-2021,2021-12-01,2021,12,1,LIKE,"https://www.linkedin.com/feed/update/urn%3Ali%3AugcPost%3A6869145945725046784"
30-11-2021,2021-11-30,2021,11,30,LIKE,"https://www.linkedin.com/feed/update/urn%3Ali%3Aactivity%3A6871141914423414784"
28-11-2021,2021-11-28,2021,11,28,LIKE,"https://www.linkedin.com/feed/update/urn%3Ali%3AugcPost%3A6870235853332058112"
28-11-2021,2021-11-28,2021,11,28,LIKE,https://www.linkedin.com/feed/update/urn%3Ali%3Aactivity%3A6869665547676606464?commentUrn=urn%3Ali%3
25-11-2021,2021-11-25,2021,11,25,LIKE,"https://www.linkedin.com/feed/update/urn%3Ali%3Aactivity%3A6869259745061060609"
25-11-2021,2021-11-25,2021,11,25,LIKE,https://www.linkedin.com/feed/update/urn%3Ali%3Aactivity%3A6869665547676606464?commentUrn=urn%3Ali%3
25-11-2021,2021-11-25,2021,11,25,LIKE,"https://www.linkedin.com/feed/update/urn%3Ali%3Aactivity%3A6869665547676606464"
24-11-2021,2021-11-24,2021,11,24,LIKE,"https://www.linkedin.com/feed/update/urn%3Ali%3Aactivity%3A6867096242535612416"
24-11-2021,2021-11-24,2021,11,24,LIKE,"https://www.linkedin.com/feed/update/urn%3Ali%3AugcPost%3A6869129961324855296"
22-11-2021,2021-11-22,2021,11,22,LIKE,"https://www.linkedin.com/feed/update/urn%3Ali%3AugcPost%3A6868528777706786816"
22-11-2021,2021-11-22,2021,11,22,LIKE,"https://www.linkedin.com/feed/update/urn%3Ali%3AugcPost%3A6866753214583332864"
18-11-2021,2021-11-18,2021,11,18,LIKE,"https://www.linkedin.com/feed/update/urn%3Ali%3Aactivity%3A6866563417503862784"
10-11-2021,2021-11-10,2021,11,10,LIKE,"https://www.linkedin.com/feed/update/urn%3Ali%3Aactivity%3A6864114964190375936"
10-11-2021,2021-11-10,2021,11,10,LIKE,"https://www.linkedin.com/feed/update/urn%3Ali%3Aactivity%3A6864146279841226752"
05-11-2021,2021-11-05,2021,11,5,LIKE,"https://www.linkedin.com/feed/update/urn%3Ali%3AugcPost%3A6860857424606191616"
05-11-2021,2021-11-05,2021,11,5,LIKE,"https://www.linkedin.com/feed/update/urn%3Ali%3Aactivity%3A6861927766087081984"
05-11-2021,2021-11-05,2021,11,5,LIKE,"https://www.linkedin.com/feed/update/urn%3Ali%3Aactivity%3A6861965990218092544"
04-11-2021,2021-11-04,2021,11,4,LIKE,"https://www.linkedin.com/feed/update/urn%3Ali%3Aactivity%3A6862024115595952128"
30-10-2021,2021-10-30,2021,10,30,LIKE,"https://www.linkedin.com/feed/update/urn%3Ali%3AugcPost%3A6859922984891637760"
29-10-2021,2021-10-29,2021,10,29,PRAISE,"https://www.linkedin.com/feed/update/urn%3Ali%3Aactivity%3A6857735906732888064"
28-10-2021,2021-10-28,2021,10,28,LIKE,"https://www.linkedin.com/feed/update/urn%3Ali%3Aactivity%3A6859330591561670656"
28-10-2021,2021-10-28,2021,10,28,PRAISE,"https://www.linkedin.com/feed/update/urn%3Ali%3AugcPost%3A6859352044348809216"
27-10-2021,2021-10-27,2021,10,27,LIKE,"https://www.linkedin.com/feed/update/urn%3Ali%3AugcPost%3A6857988122697895936"
18-10-2021,2021-10-18,2021,10,18,LIKE,"https://www.linkedin.com/feed/update/urn%3Ali%3Aactivity%3A6855803543501205504"
13-10-2021,2021-10-13,2021,10,13,LIKE,"https://www.linkedin.com/feed/update/urn%3Ali%3Aactivity%3A6853708330813190144"
12-10-2021,2021-10-12,2021,10,12,LIKE,"https://www.linkedin.com/feed/update/urn%3Ali%3AugcPost%3A6853673745970733056"
12-10-2021,2021-10-12,2021,10,12,LIKE,"https://www.linkedin.com/feed/update/urn%3Ali%3Aactivity%3A6853173427004612608"
06-10-2021,2021-10-06,2021,10,6,LIKE,"https://www.linkedin.com/feed/update/urn%3Ali%3AugcPost%3A6851401018626904064"
05-10-2021,2021-10-05,2021,10,5,LIKE,"https://www.linkedin.com/feed/update/urn%3Ali%3Aactivity%3A6850863907486228480"
01-10-2021,2021-10-01,2021,10,1,LIKE,"https://www.linkedin.com/feed/update/urn%3Ali%3Aactivity%3A6849739125034250240"
01-10-2021,2021-10-01,2021,10,1,LIKE,"https://www.linkedin.com/feed/update/urn%3Ali%3Aactivity%3A6849292147984781312"
29-09-2021,2021-09-29,2021,9,29,LIKE,"https://www.linkedin.com/feed/update/urn%3Ali%3Aactivity%3A6848336025383710720"
27-09-2021,2021-09-27,2021,9,27,LIKE,"https://www.linkedin.com/feed/update/urn%3Ali%3Aactivity%3A6848223747602710528"
27-09-2021,2021-09-27,2021,9,27,LIKE,"https://www.linkedin.com/feed/update/urn%3Ali%3Aactivity%3A6848179171458465792"
27-09-2021,2021-09-27,2021,9,27,LIKE,"https://www.linkedin.com/feed/update/urn%3Ali%3Aactivity%3A6848155575516311552"
27-09-2021,2021-09-27,2021,9,27,LIKE,"https://www.linkedin.com/feed/update/urn%3Ali%3Aactivity%3A6848132077192306688"
26-09-2021,2021-09-26,2021,9,26,LIKE,"https://www.linkedin.com/feed/update/urn%3Ali%3Aactivity%3A6847785389122478080"
24-09-2021,2021-09-24,2021,9,24,LIKE,"https://www.linkedin.com/feed/update/urn%3Ali%3Aactivity%3A6845033181465452544"
24-09-2021,2021-09-24,2021,9,24,LIKE,"https://www.linkedin.com/feed/update/urn%3Ali%3AugcPost%3A6844529788367998977"
24-09-2021,2021-09-24,2021,9,24,LIKE,"https://www.linkedin.com/feed/update/urn%3Ali%3AugcPost%3A6847011844289241088"
24-09-2021,2021-09-24,2021,9,24,PRAISE,"https://www.linkedin.com/feed/update/urn%3Ali%3Aactivity%3A6846519147493498880"
23-09-2021,2021-09-23,2021,9,23,LIKE,"https://www.linkedin.com/feed/update/urn%3Ali%3AugcPost%3A6846684218039271424"
20-09-2021,2021-09-20,2021,9,20,LIKE,"https://www.linkedin.com/feed/update/urn%3Ali%3Aactivity%3A6844888548915646464"
17-09-2021,2021-09-17,2021,9,17,LIKE,"https://www.linkedin.com/feed/update/urn%3Ali%3Aactivity%3A6843877327085035520"
17-09-2021,2021-09-17,2021,9,17,LIKE,"https://www.linkedin.com/feed/update/urn%3Ali%3AugcPost%3A6844272439053037568"
17-09-2021,2021-09-17,2021,9,17,LIKE,"https://www.linkedin.com/feed/update/urn%3Ali%3AugcPost%3A6844266819310686209"
13-09-2021,2021-09-13,2021,9,13,LIKE,"https://www.linkedin.com/feed/update/urn%3Ali%3Aactivity%3A6842655212465864704"
09-09-2021,2021-09-09,2021,9,9,LIKE,"https://www.linkedin.com/feed/update/urn%3Ali%3Aactivity%3A6841624910574485504"
08-09-2021,2021-09-08,2021,9,8,LIKE,"https://www.linkedin.com/feed/update/urn%3Ali%3Aactivity%3A6841278802480513024"
07-09-2021,2021-09-07,2021,9,7,LIKE,"https://www.linkedin.com/feed/update/urn%3Ali%3Aactivity%3A6840688139653255169"
06-09-2021,2021-09-06,2021,9,6,LIKE,"https://www.linkedin.com/feed/update/urn%3Ali%3AugcPost%3A6839837287921053696"
06-09-2021,2021-09-06,2021,9,6,LIKE,"https://www.linkedin.com/feed/update/urn%3Ali%3Aactivity%3A6840144766345334784"
02-09-2021,2021-09-02,2021,9,2,LIKE,"https://www.linkedin.com/feed/update/urn%3Ali%3Aactivity%3A6838522158399016960"
02-09-2021,2021-09-02,2021,9,2,LIKE,"https://www.linkedin.com/feed/update/urn%3Ali%3Aactivity%3A6837024966274379776"
01-09-2021,2021-09-01,2021,9,1,LIKE,"https://www.linkedin.com/feed/update/urn%3Ali%3Aactivity%3A6838736988884008961"
01-09-2021,2021-09-01,2021,9,1,LIKE,"https://www.linkedin.com/feed/update/urn%3Ali%3Aactivity%3A6838082016647368704"
28-08-2021,2021-08-28,2021,8,28,LIKE,"https://www.linkedin.com/feed/update/urn%3Ali%3Aactivity%3A6837385064863567872"
28-08-2021,2021-08-28,2021,8,28,LIKE,"https://www.linkedin.com/feed/update/urn%3Ali%3Aactivity%3A6837254801546362880"
25-08-2021,2021-08-25,2021,8,25,LIKE,"https://www.linkedin.com/feed/update/urn%3Ali%3Aactivity%3A6835930005973872640"
23-08-2021,2021-08-23,2021,8,23,LIKE,"https://www.linkedin.com/feed/update/urn%3Ali%3Aactivity%3A6832711379313668097"
15-08-2021,2021-08-15,2021,8,15,LIKE,"https://www.linkedin.com/feed/update/urn%3Ali%3Aactivity%3A6832519573397352448"
13-08-2021,2021-08-13,2021,8,13,LIKE,"https://www.linkedin.com/feed/update/urn%3Ali%3Aactivity%3A6831653070120734720"
10-08-2021,2021-08-10,2021,8,10,LIKE,"https://www.linkedin.com/feed/update/urn%3Ali%3Aactivity%3A6827597309816266752"
10-08-2021,2021-08-10,2021,8,10,LIKE,"https://www.linkedin.com/feed/update/urn%3Ali%3Aactivity%3A6830464883063083008"
08-08-2021,2021-08-08,2021,8,8,LIKE,"https://www.linkedin.com/feed/update/urn%3Ali%3Aactivity%3A6829073817533505536"
02-08-2021,2021-08-02,2021,8,2,LIKE,"https://www.linkedin.com/feed/update/urn%3Ali%3AugcPost%3A6827979313141362688"
02-08-2021,2021-08-02,2021,8,2,LIKE,"https://www.linkedin.com/feed/update/urn%3Ali%3Aactivity%3A6827893573527195648"
02-08-2021,2021-08-02,2021,8,2,LIKE,"https://www.linkedin.com/feed/update/urn%3Ali%3Aactivity%3A6827954613744922624"
02-08-2021,2021-08-02,2021,8,2,LIKE,"https://www.linkedin.com/feed/update/urn%3Ali%3Aactivity%3A6823242887610937344"
02-08-2021,2021-08-02,2021,8,2,LIKE,"https://www.linkedin.com/feed/update/urn%3Ali%3AugcPost%3A6827515974414155776"
01-08-2021,2021-08-01,2021,8,1,LIKE,"https://www.linkedin.com/feed/update/urn%3Ali%3AugcPost%3A6822909684345835520"
30-07-2021,2021-07-30,2021,7,30,LIKE,"https://www.linkedin.com/feed/update/urn%3Ali%3Aactivity%3A6826288935933669376"
30-07-2021,2021-07-30,2021,7,30,LIKE,"https://www.linkedin.com/feed/update/urn%3Ali%3Aactivity%3A6826477246090412032"
29-07-2021,2021-07-29,2021,7,29,LIKE,"https://www.linkedin.com/feed/update/urn%3Ali%3Aactivity%3A6825981531501162496"
27-07-2021,2021-07-27,2021,7,27,LIKE,"https://www.linkedin.com/feed/update/urn%3Ali%3Aactivity%3A6823472729350643712"
26-07-2021,2021-07-26,2021,7,26,LIKE,"https://www.linkedin.com/feed/update/urn%3Ali%3Aactivity%3A6824600628690518017"
23-07-2021,2021-07-23,2021,7,23,LIKE,"https://www.linkedin.com/feed/update/urn%3Ali%3Aactivity%3A6824313958107877376"
23-07-2021,2021-07-23,2021,7,23,LIKE,"https://www.linkedin.com/feed/update/urn%3Ali%3Aactivity%3A6824234651020791808"
23-07-2021,2021-07-23,2021,7,23,LIKE,"https://www.linkedin.com/feed/update/urn%3Ali%3AugcPost%3A6824073203351068672"
21-07-2021,2021-07-21,2021,7,21,LIKE,"https://www.linkedin.com/feed/update/urn%3Ali%3Aactivity%3A6823452914179289088"
20-07-2021,2021-07-20,2021,7,20,LIKE,"https://www.linkedin.com/feed/update/urn%3Ali%3Aactivity%3A6823135638825512960"
17-07-2021,2021-07-17,2021,7,17,PRAISE,"https://www.linkedin.com/feed/update/urn%3Ali%3AugcPost%3A6821856105262579712"
17-07-2021,2021-07-17,2021,7,17,LIKE,"https://www.linkedin.com/feed/update/urn%3Ali%3Aactivity%3A6821784104527282176"
17-07-2021,2021-07-17,2021,7,17,LIKE,"https://www.linkedin.com/feed/update/urn%3Ali%3Aactivity%3A6821826145613438976"
08-07-2021,2021-07-08,2021,7,8,LIKE,"https://www.linkedin.com/feed/update/urn%3Ali%3AugcPost%3A6818658014728376321"
04-07-2021,2021-07-04,2021,7,4,LIKE,"https://www.linkedin.com/feed/update/urn%3Ali%3Aactivity%3A6812672945677242368"
01-07-2021,2021-07-01,2021,7,1,LIKE,"https://www.linkedin.com/feed/update/urn%3Ali%3Aactivity%3A6810878630340681728"
01-07-2021,2021-07-01,2021,7,1,LIKE,"https://www.linkedin.com/feed/update/urn%3Ali%3Aactivity%3A6813188973708627968"
26-06-2021,2021-06-26,2021,6,26,LIKE,"https://www.linkedin.com/feed/update/urn%3Ali%3AugcPost%3A6813895899002077184"
24-06-2021,2021-06-24,2021,6,24,LIKE,"https://www.linkedin.com/feed/update/urn%3Ali%3Aactivity%3A6811179701420261376"
21-06-2021,2021-06-21,2021,6,21,LIKE,"https://www.linkedin.com/feed/update/urn%3Ali%3Aactivity%3A6812585182785228800"
21-06-2021,2021-06-21,2021,6,21,LIKE,"https://www.linkedin.com/feed/update/urn%3Ali%3Aactivity%3A6812667097076776960"
19-06-2021,2021-06-19,2021,6,19,LIKE,"https://www.linkedin.com/feed/update/urn%3Ali%3Aactivity%3A6811573528366788608"
15-06-2021,2021-06-15,2021,6,15,LIKE,"https://www.linkedin.com/feed/update/urn%3Ali%3AugcPost%3A6810482962606489600"
11-06-2021,2021-06-11,2021,6,11,LIKE,"https://www.linkedin.com/feed/update/urn%3Ali%3Aactivity%3A6809129086204596224"
11-06-2021,2021-06-11,2021,6,11,LIKE,"https://www.linkedin.com/feed/update/urn%3Ali%3Aactivity%3A6809115464220905472"
11-06-2021,2021-06-11,2021,6,11,LIKE,"https://www.linkedin.com/feed/update/urn%3Ali%3AugcPost%3A6809077272549617664"
10-06-2021,2021-06-10,2021,6,10,PRAISE,"https://www.linkedin.com/feed/update/urn%3Ali%3Aactivity%3A6804688162191917056"
09-06-2021,2021-06-09,2021,6,9,LIKE,"https://www.linkedin.com/feed/update/urn%3Ali%3Aactivity%3A6808385910304985088"
09-06-2021,2021-06-09,2021,6,9,LIKE,"https://www.linkedin.com/feed/update/urn%3Ali%3Aactivity%3A6807711003980165120"
03-06-2021,2021-06-03,2021,6,3,PRAISE,"https://www.linkedin.com/feed/update/urn%3Ali%3Aactivity%3A6798255390585962496"
02-06-2021,2021-06-02,2021,6,2,LIKE,"https://www.linkedin.com/feed/update/urn%3Ali%3Aactivity%3A6804101165807136768"
01-06-2021,2021-06-01,2021,6,1,LIKE,"https://www.linkedin.com/feed/update/urn%3Ali%3Aactivity%3A6802328098655227904"
01-06-2021,2021-06-01,2021,6,1,LIKE,"https://www.linkedin.com/feed/update/urn%3Ali%3Aactivity%3A6798481887112302592"
01-06-2021,2021-06-01,2021,6,1,LIKE,"https://www.linkedin.com/feed/update/urn%3Ali%3Aactivity%3A6802347066476507136"
30-05-2021,2021-05-30,2021,5,30,LIKE,"https://www.linkedin.com/feed/update/urn%3Ali%3Aactivity%3A6803566749846421504"
30-05-2021,2021-05-30,2021,5,30,LIKE,"https://www.linkedin.com/feed/update/urn%3Ali%3AugcPost%3A6803650713915318272"
16-05-2021,2021-05-16,2021,5,16,LIKE,"https://www.linkedin.com/feed/update/urn%3Ali%3Aactivity%3A6799084145856319488"
12-05-2021,2021-05-12,2021,5,12,LIKE,"https://www.linkedin.com/feed/update/urn%3Ali%3Aactivity%3A6798252709200953344"
25-04-2021,2021-04-25,2021,4,25,LIKE,"https://www.linkedin.com/feed/update/urn%3Ali%3Aactivity%3A6792047904501723136"
25-04-2021,2021-04-25,2021,4,25,LIKE,"https://www.linkedin.com/feed/update/urn%3Ali%3AugcPost%3A6791755545486458880"
23-04-2021,2021-04-23,2021,4,23,LIKE,"https://www.linkedin.com/feed/update/urn%3Ali%3AugcPost%3A6791190065063235585"
18-03-2021,2021-03-18,2021,3,18,LIKE,"https://www.linkedin.com/feed/update/urn%3Ali%3Aactivity%3A6778014505600348160"
11-03-2021,2021-03-11,2021,3,11,LIKE,"https://www.linkedin.com/feed/update/urn%3Ali%3Aactivity%3A6767319975511257088"
15-01-2021,2021-01-15,2021,1,15,LIKE,"https://www.linkedin.com/feed/update/urn%3Ali%3Aarticle%3A6983441119184317890"
12-01-2021,2021-01-12,2021,1,12,LIKE,"https://www.linkedin.com/feed/update/urn%3Ali%3Aactivity%3A6752628823126286336"
09-01-2021,2021-01-09,2021,1,9,LIKE,"https://www.linkedin.com/feed/update/urn%3Ali%3Aactivity%3A6645979137624412161"
07-01-2021,2021-01-07,2021,1,7,LIKE,"https://www.linkedin.com/feed/update/urn%3Ali%3Aactivity%3A6752169717068304384"
28-12-2020,2020-12-28,2020,12,28,LIKE,"https://www.linkedin.com/feed/update/urn%3Ali%3Aarticle%3A8121726123027579662"
25-12-2020,2020-12-25,2020,12,25,LIKE,"https://www.linkedin.com/feed/update/urn%3Ali%3Aarticle%3A7969457167318807253"
01-12-2020,2020-12-01,2020,12,1,PRAISE,"https://www.linkedin.com/feed/update/urn%3Ali%3Aactivity%3A6731498488644849664"
25-10-2020,2020-10-25,2020,10,25,LIKE,"https://www.linkedin.com/feed/update/urn%3Ali%3Aactivity%3A6718909777210073088"
13-10-2020,2020-10-13,2020,10,13,LIKE,"https://www.linkedin.com/feed/update/urn%3Ali%3AugcPost%3A6718693527540367360"
08-09-2020,2020-09-08,2020,9,8,LIKE,"https://www.linkedin.com/feed/update/urn%3Ali%3Aactivity%3A6704214839725694977"
30-04-2020,2020-04-30,2020,4,30,LIKE,"https://www.linkedin.com/feed/update/urn%3Ali%3Aactivity%3A6653112103395700736"
30-04-2020,2020-04-30,2020,4,30,LIKE,"https://www.linkedin.com/feed/update/urn%3Ali%3AugcPost%3A6661543283036172288"
19-03-2020,2020-03-19,2020,3,19,LIKE,"https://www.linkedin.com/feed/update/urn%3Ali%3AugcPost%3A6641927641672839168"
19-03-2020,2020-03-19,2020,3,19,PRAISE,"https://www.linkedin.com/feed/update/urn%3Ali%3Aactivity%3A6642390154818478080"
06-03-2020,2020-03-06,2020,3,6,LIKE,"https://www.linkedin.com/feed/update/urn%3Ali%3AugcPost%3A6641571207739203584"
13-02-2020,2020-02-13,2020,2,13,LIKE,"https://www.linkedin.com/feed/update/urn%3Ali%3Aactivity%3A6633026995208974336"
02-02-2020,2020-02-02,2020,2,2,LIKE,"https://www.linkedin.com/feed/update/urn%3Ali%3AugcPost%3A6628628859581489152"
20-01-2020,2020-01-20,2020,1,20,LIKE,"https://www.linkedin.com/feed/update/urn%3Ali%3Aactivity%3A6621423528354816000"
18-01-2020,2020-01-18,2020,1,18,LIKE,"https://www.linkedin.com/feed/update/urn%3Ali%3AugcPost%3A6619816210395693056"
18-01-2020,2020-01-18,2020,1,18,LIKE,"https://www.linkedin.com/feed/update/urn%3Ali%3Aactivity%3A6623894021406236672"
03-08-2019,2019-08-03,2019,8,3,LIKE,"https://www.linkedin.com/feed/update/urn%3Ali%3Aarticle%3A7105574871248941212"
03-08-2019,2019-08-03,2019,8,3,LIKE,"https://www.linkedin.com/feed/update/urn%3Ali%3Aactivity%3A6556763406425255936"
13-07-2019,2019-07-13,2019,7,13,LIKE,"https://www.linkedin.com/feed/update/urn%3Ali%3Aactivity%3A6545662224084586496"
13-07-2019,2019-07-13,2019,7,13,PRAISE,"https://www.linkedin.com/feed/update/urn%3Ali%3Aactivity%3A6555701007978979328"
